{"stats":{"minecraft:picked_up":{"minecraft:oak_wood":2,"croptopia:peach":1,"minecraft:apple":6},"minecraft:dropped":{"alexsmobs:animal_dictionary":1},"minecraft:mined":{"minecraft:grass":1,"minecraft:oak_wood":2},"minecraft:custom":{"minecraft:time_since_rest":4188,"minecraft:open_chest":1,"minecraft:play_time":4188,"minecraft:crouch_one_cm":229,"minecraft:sprint_one_cm":24489,"minecraft:damage_taken":170,"minecraft:walk_one_cm":5765,"minecraft:sneak_time":96,"minecraft:walk_under_water_one_cm":1033,"minecraft:drop":1,"minecraft:jump":144,"minecraft:time_since_death":4188,"minecraft:walk_on_water_one_cm":271,"minecraft:total_world_time":4188,"minecraft:swim_one_cm":920,"minecraft:fall_one_cm":6205,"minecraft:fly_one_cm":39949},"minecraft:used":{"minecraft:apple":3,"croptopia:peach":1}},"DataVersion":3465}