{"stats":{"minecraft:picked_up":{"minecraft:oak_wood":2,"minecraft:light_blue_banner":2,"croptopia:peach":1,"minecraft:apple":6,"minecraft:skeleton_skull":1},"minecraft:dropped":{"alexsmobs:animal_dictionary":1},"minecraft:killed_by":{"minecraft:stray":1},"minecraft:mined":{"minecraft:skeleton_skull":1,"minecraft:grass":1,"minecraft:oak_wood":2,"minecraft:light_blue_wall_banner":2},"minecraft:custom":{"minecraft:time_since_rest":1705,"minecraft:open_chest":6,"minecraft:deaths":1,"minecraft:play_time":16188,"minecraft:crouch_one_cm":891,"minecraft:sprint_one_cm":40133,"minecraft:damage_taken":410,"minecraft:walk_one_cm":18036,"minecraft:sneak_time":296,"minecraft:walk_under_water_one_cm":1033,"minecraft:drop":1,"minecraft:jump":210,"minecraft:time_since_death":4104,"minecraft:walk_on_water_one_cm":271,"minecraft:total_world_time":16188,"minecraft:swim_one_cm":920,"minecraft:fall_one_cm":8568,"minecraft:fly_one_cm":56174},"minecraft:used":{"minecraft:apple":6,"croptopia:peach":1}},"DataVersion":3465}