{"stats":{"minecraft:picked_up":{"minecraft:light_gray_bed":1,"minecraft:white_bed":1},"minecraft:killed_by":{"minecraft:stray":1},"minecraft:mined":{"minecraft:grass":1,"minecraft:white_bed":1,"minecraft:light_gray_bed":1,"minecraft:tall_grass":1},"minecraft:custom":{"minecraft:time_since_rest":1628,"minecraft:open_chest":4,"minecraft:crouch_one_cm":230,"minecraft:play_time":15631,"minecraft:sprint_one_cm":15104,"minecraft:walk_one_cm":11276,"minecraft:damage_taken":525,"minecraft:deaths":2,"minecraft:sneak_time":84,"minecraft:walk_under_water_one_cm":148,"minecraft:jump":97,"minecraft:time_since_death":4027,"minecraft:walk_on_water_one_cm":605,"minecraft:total_world_time":15631,"minecraft:climb_one_cm":66,"minecraft:swim_one_cm":728,"minecraft:fall_one_cm":4904,"minecraft:fly_one_cm":23113}},"DataVersion":3465}