{"stats":{"minecraft:mined":{"minecraft:grass":1,"minecraft:tall_grass":1},"minecraft:custom":{"minecraft:jump":92,"minecraft:open_chest":1,"minecraft:time_since_rest":1098,"minecraft:deaths":1,"minecraft:crouch_one_cm":35,"minecraft:walk_on_water_one_cm":605,"minecraft:sprint_one_cm":11309,"minecraft:play_time":3631,"minecraft:damage_taken":345,"minecraft:time_since_death":1428,"minecraft:walk_one_cm":5628,"minecraft:sneak_time":41,"minecraft:climb_one_cm":66,"minecraft:total_world_time":3631,"minecraft:walk_under_water_one_cm":148,"minecraft:swim_one_cm":728,"minecraft:fall_one_cm":4904,"minecraft:fly_one_cm":22400}},"DataVersion":3465}